locus_tag	ftype	length_bp	gene	EC_number	COG	product
GIAFILGI_00001	CDS	534				hypothetical protein
GIAFILGI_00002	CDS	330				hypothetical protein
GIAFILGI_00003	CDS	930				hypothetical protein
GIAFILGI_00004	CDS	2214				hypothetical protein
GIAFILGI_00005	CDS	207				hypothetical protein
GIAFILGI_00006	CDS	285				hypothetical protein
GIAFILGI_00007	CDS	156				hypothetical protein
GIAFILGI_00008	CDS	1842	parE	5.6.2.2	COG0187	DNA topoisomerase 4 subunit B
GIAFILGI_00009	CDS	387				hypothetical protein
GIAFILGI_00010	CDS	1536				hypothetical protein
GIAFILGI_00011	CDS	261				hypothetical protein
GIAFILGI_00012	CDS	96				hypothetical protein
GIAFILGI_00013	CDS	177				hypothetical protein
GIAFILGI_00014	CDS	336				hypothetical protein
GIAFILGI_00015	CDS	678				hypothetical protein
GIAFILGI_00016	CDS	228				hypothetical protein
GIAFILGI_00017	CDS	438				hypothetical protein
GIAFILGI_00018	CDS	690				hypothetical protein
GIAFILGI_00019	CDS	243				hypothetical protein
GIAFILGI_00020	CDS	1332	recD2	3.6.4.12		ATP-dependent RecD-like DNA helicase
GIAFILGI_00021	CDS	315				hypothetical protein
GIAFILGI_00022	CDS	753				hypothetical protein
GIAFILGI_00023	CDS	678				hypothetical protein
GIAFILGI_00024	CDS	210				hypothetical protein
GIAFILGI_00025	CDS	510				hypothetical protein
GIAFILGI_00026	CDS	324				hypothetical protein
GIAFILGI_00027	CDS	252				hypothetical protein
GIAFILGI_00028	CDS	231				hypothetical protein
GIAFILGI_00029	CDS	204				hypothetical protein
GIAFILGI_00030	CDS	519				hypothetical protein
GIAFILGI_00031	CDS	285				hypothetical protein
GIAFILGI_00032	CDS	1026				hypothetical protein
GIAFILGI_00033	CDS	465				hypothetical protein
GIAFILGI_00034	CDS	189				hypothetical protein
GIAFILGI_00035	CDS	336				hypothetical protein
GIAFILGI_00036	CDS	192				hypothetical protein
GIAFILGI_00037	CDS	282				hypothetical protein
GIAFILGI_00038	CDS	1443				hypothetical protein
GIAFILGI_00039	CDS	369				hypothetical protein
GIAFILGI_00040	CDS	1191	recA			Protein RecA
GIAFILGI_00041	CDS	1077				hypothetical protein
GIAFILGI_00042	CDS	831				hypothetical protein
GIAFILGI_00043	CDS	531				hypothetical protein
GIAFILGI_00044	CDS	738	thyA_1	2.1.1.45	COG0207	Thymidylate synthase
GIAFILGI_00045	CDS	441				hypothetical protein
GIAFILGI_00046	CDS	2709				hypothetical protein
GIAFILGI_00047	CDS	162				hypothetical protein
GIAFILGI_00048	CDS	366				hypothetical protein
GIAFILGI_00049	CDS	564				hypothetical protein
GIAFILGI_00050	CDS	960				hypothetical protein
GIAFILGI_00051	CDS	687				hypothetical protein
GIAFILGI_00052	CDS	426				hypothetical protein
GIAFILGI_00053	CDS	192				hypothetical protein
GIAFILGI_00054	CDS	1689				hypothetical protein
GIAFILGI_00055	CDS	1023				hypothetical protein
GIAFILGI_00056	CDS	102				hypothetical protein
GIAFILGI_00057	CDS	213				hypothetical protein
GIAFILGI_00058	CDS	198				hypothetical protein
GIAFILGI_00059	CDS	327				hypothetical protein
GIAFILGI_00060	CDS	228				hypothetical protein
GIAFILGI_00061	CDS	534				hypothetical protein
GIAFILGI_00062	CDS	297				hypothetical protein
GIAFILGI_00063	CDS	252				hypothetical protein
GIAFILGI_00064	CDS	228				hypothetical protein
GIAFILGI_00065	CDS	339				hypothetical protein
GIAFILGI_00066	CDS	186				hypothetical protein
GIAFILGI_00067	CDS	267				hypothetical protein
GIAFILGI_00068	CDS	282				hypothetical protein
GIAFILGI_00069	CDS	315				hypothetical protein
GIAFILGI_00070	CDS	276				hypothetical protein
GIAFILGI_00071	CDS	108				hypothetical protein
GIAFILGI_00072	CDS	486	nrdG	1.97.1.-	COG0602	Anaerobic ribonucleoside-triphosphate reductase-activating protein
GIAFILGI_00073	CDS	1830	nrdD	1.1.98.6	COG1328	Anaerobic ribonucleoside-triphosphate reductase
GIAFILGI_00074	CDS	474				hypothetical protein
GIAFILGI_00075	CDS	459				hypothetical protein
GIAFILGI_00076	CDS	312				hypothetical protein
GIAFILGI_00077	CDS	174				hypothetical protein
GIAFILGI_00078	CDS	282				hypothetical protein
GIAFILGI_00079	CDS	294				hypothetical protein
GIAFILGI_00080	CDS	294				hypothetical protein
GIAFILGI_00081	CDS	336				hypothetical protein
GIAFILGI_00082	CDS	93				hypothetical protein
GIAFILGI_00083	CDS	258				hypothetical protein
GIAFILGI_00084	CDS	1011				hypothetical protein
GIAFILGI_00085	CDS	207				hypothetical protein
GIAFILGI_00086	CDS	438				hypothetical protein
GIAFILGI_00087	CDS	777				hypothetical protein
GIAFILGI_00088	CDS	369				hypothetical protein
GIAFILGI_00089	CDS	417				hypothetical protein
GIAFILGI_00090	CDS	216				hypothetical protein
GIAFILGI_00091	CDS	186				hypothetical protein
GIAFILGI_00092	CDS	504				hypothetical protein
GIAFILGI_00093	CDS	342				hypothetical protein
GIAFILGI_00094	CDS	147				hypothetical protein
GIAFILGI_00095	CDS	978				hypothetical protein
GIAFILGI_00096	CDS	264				hypothetical protein
GIAFILGI_00097	CDS	150				hypothetical protein
GIAFILGI_00098	CDS	213				hypothetical protein
GIAFILGI_00099	CDS	255				hypothetical protein
GIAFILGI_00100	CDS	1011				hypothetical protein
GIAFILGI_00101	CDS	426				hypothetical protein
GIAFILGI_00102	CDS	555				hypothetical protein
GIAFILGI_00103	CDS	201				hypothetical protein
GIAFILGI_00104	CDS	453				hypothetical protein
GIAFILGI_00105	CDS	246				hypothetical protein
GIAFILGI_00106	CDS	279				hypothetical protein
GIAFILGI_00107	CDS	207				hypothetical protein
GIAFILGI_00108	CDS	288				hypothetical protein
GIAFILGI_00109	CDS	270	ybiI		COG1734	putative protein YbiI
GIAFILGI_00110	CDS	459				hypothetical protein
GIAFILGI_00111	CDS	393				hypothetical protein
GIAFILGI_00112	CDS	276				hypothetical protein
GIAFILGI_00113	CDS	213				hypothetical protein
GIAFILGI_00114	CDS	384				hypothetical protein
GIAFILGI_00115	CDS	132				hypothetical protein
GIAFILGI_00116	CDS	585	tdk	2.7.1.21		Thymidine kinase
GIAFILGI_00117	CDS	195				hypothetical protein
GIAFILGI_00118	CDS	456				hypothetical protein
GIAFILGI_00119	CDS	420				hypothetical protein
GIAFILGI_00120	CDS	327				hypothetical protein
GIAFILGI_00121	CDS	549				hypothetical protein
GIAFILGI_00122	CDS	465				hypothetical protein
GIAFILGI_00123	CDS	231				hypothetical protein
GIAFILGI_00124	CDS	279				hypothetical protein
GIAFILGI_00125	CDS	165				hypothetical protein
GIAFILGI_00126	CDS	156				hypothetical protein
GIAFILGI_00127	CDS	420				hypothetical protein
GIAFILGI_00128	CDS	588				hypothetical protein
GIAFILGI_00129	CDS	414				hypothetical protein
GIAFILGI_00130	CDS	297				hypothetical protein
GIAFILGI_00131	CDS	495				hypothetical protein
GIAFILGI_00132	CDS	480				hypothetical protein
GIAFILGI_00133	CDS	231				hypothetical protein
GIAFILGI_00134	CDS	312				hypothetical protein
GIAFILGI_00135	CDS	363				hypothetical protein
GIAFILGI_00136	CDS	339				hypothetical protein
GIAFILGI_00137	CDS	354				hypothetical protein
GIAFILGI_00138	CDS	375				hypothetical protein
GIAFILGI_00139	CDS	918				hypothetical protein
GIAFILGI_00140	CDS	342				hypothetical protein
GIAFILGI_00141	CDS	234				hypothetical protein
GIAFILGI_00142	CDS	285				hypothetical protein
GIAFILGI_00143	CDS	666				hypothetical protein
GIAFILGI_00144	CDS	603				hypothetical protein
GIAFILGI_00145	CDS	237				hypothetical protein
GIAFILGI_00146	CDS	141				hypothetical protein
GIAFILGI_00147	CDS	261				hypothetical protein
GIAFILGI_00148	CDS	645				hypothetical protein
GIAFILGI_00149	CDS	207				hypothetical protein
GIAFILGI_00150	tRNA	76				tRNA-Thr(tgt)
GIAFILGI_00151	tRNA	85				tRNA-Leu(taa)
GIAFILGI_00152	tRNA	77				tRNA-Arg(tct)
GIAFILGI_00153	tRNA	85				tRNA-Cys(gca)
GIAFILGI_00154	CDS	225				hypothetical protein
GIAFILGI_00155	CDS	510				hypothetical protein
GIAFILGI_00156	CDS	231				hypothetical protein
GIAFILGI_00157	CDS	222				hypothetical protein
GIAFILGI_00158	CDS	498				hypothetical protein
GIAFILGI_00159	CDS	375				hypothetical protein
GIAFILGI_00160	tRNA	76				tRNA-Met(cat)
GIAFILGI_00161	CDS	225				hypothetical protein
GIAFILGI_00162	CDS	558				hypothetical protein
GIAFILGI_00163	tRNA	75				tRNA-Phe(gaa)
GIAFILGI_00164	tRNA	77				tRNA-Pro(tgg)
GIAFILGI_00165	tRNA	75				tRNA-Gly(tcc)
GIAFILGI_00166	tRNA	74				tRNA-Trp(cca)
GIAFILGI_00167	tRNA	93				tRNA-Ser(tga)
GIAFILGI_00168	tRNA	76				tRNA-His(gtg)
GIAFILGI_00169	tRNA	76				tRNA-Gln(ttg)
GIAFILGI_00170	tRNA	77				tRNA-Met(cat)
GIAFILGI_00171	tRNA	77				tRNA-Asp(gtc)
GIAFILGI_00172	tRNA	85				tRNA-Asn(gtt)
GIAFILGI_00173	tRNA	75				tRNA-Glu(ttc)
GIAFILGI_00174	tRNA	77				tRNA-Lys(ttt)
GIAFILGI_00175	tRNA	76				tRNA-Ile(gat)
GIAFILGI_00176	CDS	360				hypothetical protein
GIAFILGI_00177	CDS	141				hypothetical protein
GIAFILGI_00178	CDS	180				hypothetical protein
GIAFILGI_00179	CDS	309				hypothetical protein
GIAFILGI_00180	CDS	459				hypothetical protein
GIAFILGI_00181	CDS	255				hypothetical protein
GIAFILGI_00182	CDS	729				hypothetical protein
GIAFILGI_00183	CDS	591				hypothetical protein
GIAFILGI_00184	CDS	831				hypothetical protein
GIAFILGI_00185	CDS	450				hypothetical protein
GIAFILGI_00186	CDS	576				hypothetical protein
GIAFILGI_00187	CDS	1737				hypothetical protein
GIAFILGI_00188	CDS	504				hypothetical protein
GIAFILGI_00189	CDS	297				hypothetical protein
GIAFILGI_00190	CDS	1947				hypothetical protein
GIAFILGI_00191	CDS	3099				hypothetical protein
GIAFILGI_00192	CDS	1011				hypothetical protein
GIAFILGI_00193	CDS	909				hypothetical protein
GIAFILGI_00194	CDS	1809				hypothetical protein
GIAFILGI_00195	CDS	663				hypothetical protein
GIAFILGI_00196	CDS	1551				hypothetical protein
GIAFILGI_00197	CDS	1413				hypothetical protein
GIAFILGI_00198	CDS	939				hypothetical protein
GIAFILGI_00199	CDS	801				hypothetical protein
GIAFILGI_00200	CDS	831				hypothetical protein
GIAFILGI_00201	CDS	498				hypothetical protein
GIAFILGI_00202	CDS	1833				hypothetical protein
GIAFILGI_00203	CDS	1983				hypothetical protein
GIAFILGI_00204	CDS	600				hypothetical protein
GIAFILGI_00205	CDS	492				hypothetical protein
GIAFILGI_00206	CDS	582				hypothetical protein
GIAFILGI_00207	CDS	1569				hypothetical protein
GIAFILGI_00208	CDS	240				hypothetical protein
GIAFILGI_00209	CDS	426				hypothetical protein
GIAFILGI_00210	CDS	642				hypothetical protein
GIAFILGI_00211	CDS	816				hypothetical protein
GIAFILGI_00212	CDS	1563				hypothetical protein
GIAFILGI_00213	CDS	1284				hypothetical protein
GIAFILGI_00214	CDS	546				hypothetical protein
GIAFILGI_00215	CDS	1005				hypothetical protein
GIAFILGI_00216	CDS	309				hypothetical protein
GIAFILGI_00217	CDS	354				hypothetical protein
GIAFILGI_00218	CDS	243				hypothetical protein
GIAFILGI_00219	CDS	558				hypothetical protein
GIAFILGI_00220	CDS	753				hypothetical protein
GIAFILGI_00221	CDS	1503				hypothetical protein
GIAFILGI_00222	CDS	240				hypothetical protein
GIAFILGI_00223	CDS	168				hypothetical protein
GIAFILGI_00224	CDS	228				hypothetical protein
GIAFILGI_00225	CDS	414				hypothetical protein
GIAFILGI_00226	CDS	399				hypothetical protein
GIAFILGI_00227	CDS	630				hypothetical protein
GIAFILGI_00228	CDS	753				hypothetical protein
GIAFILGI_00229	CDS	1161				hypothetical protein
GIAFILGI_00230	CDS	528				hypothetical protein
GIAFILGI_00231	CDS	1764				hypothetical protein
GIAFILGI_00232	CDS	1050				hypothetical protein
GIAFILGI_00233	CDS	963				hypothetical protein
GIAFILGI_00234	CDS	291				hypothetical protein
GIAFILGI_00235	CDS	2106				hypothetical protein
GIAFILGI_00236	CDS	207				hypothetical protein
GIAFILGI_00237	CDS	1458	lig	6.5.1.1		DNA ligase
GIAFILGI_00238	CDS	231				hypothetical protein
GIAFILGI_00239	CDS	864				hypothetical protein
GIAFILGI_00240	CDS	177				hypothetical protein
GIAFILGI_00241	CDS	204				hypothetical protein
GIAFILGI_00242	CDS	168				hypothetical protein
GIAFILGI_00243	CDS	471				hypothetical protein
GIAFILGI_00244	CDS	363				hypothetical protein
GIAFILGI_00245	CDS	522				hypothetical protein
GIAFILGI_00246	CDS	375				hypothetical protein
GIAFILGI_00247	CDS	204				hypothetical protein
GIAFILGI_00248	CDS	180				hypothetical protein
GIAFILGI_00249	CDS	255				hypothetical protein
GIAFILGI_00250	CDS	324				hypothetical protein
GIAFILGI_00251	CDS	357				hypothetical protein
GIAFILGI_00252	CDS	567	tadA	3.5.4.33		tRNA-specific adenosine deaminase
GIAFILGI_00253	CDS	345				hypothetical protein
GIAFILGI_00254	CDS	231				hypothetical protein
GIAFILGI_00255	CDS	294				hypothetical protein
GIAFILGI_00256	CDS	216				hypothetical protein
GIAFILGI_00257	CDS	192				hypothetical protein
GIAFILGI_00258	CDS	888				hypothetical protein
GIAFILGI_00259	CDS	339				hypothetical protein
GIAFILGI_00260	CDS	216				hypothetical protein
GIAFILGI_00261	CDS	480				hypothetical protein
GIAFILGI_00262	CDS	99				hypothetical protein
GIAFILGI_00263	CDS	303				hypothetical protein
GIAFILGI_00264	CDS	357				hypothetical protein
GIAFILGI_00265	CDS	507				hypothetical protein
GIAFILGI_00266	CDS	1131				hypothetical protein
GIAFILGI_00267	CDS	414				hypothetical protein
GIAFILGI_00268	CDS	1215	nrdB	1.17.4.1	COG0208	Ribonucleoside-diphosphate reductase 1 subunit beta
GIAFILGI_00269	CDS	2256	nrdA	1.17.4.1	COG0209	Ribonucleoside-diphosphate reductase 1 subunit alpha
GIAFILGI_00270	CDS	312				hypothetical protein
GIAFILGI_00271	CDS	234				hypothetical protein
GIAFILGI_00272	CDS	861	thyA_2	2.1.1.45	COG0207	Thymidylate synthase
GIAFILGI_00273	CDS	348				hypothetical protein
GIAFILGI_00274	CDS	321				hypothetical protein
GIAFILGI_00275	CDS	594				hypothetical protein
GIAFILGI_00276	CDS	249				hypothetical protein
GIAFILGI_00277	CDS	249				hypothetical protein
GIAFILGI_00278	CDS	327				hypothetical protein
GIAFILGI_00279	CDS	285				hypothetical protein
GIAFILGI_00280	CDS	273				hypothetical protein
GIAFILGI_00281	CDS	240				hypothetical protein
GIAFILGI_00282	CDS	228				hypothetical protein
GIAFILGI_00283	CDS	921				hypothetical protein
GIAFILGI_00284	CDS	654				hypothetical protein
GIAFILGI_00285	CDS	300				hypothetical protein
GIAFILGI_00286	CDS	276				hypothetical protein
GIAFILGI_00287	CDS	924	xni	3.1.-.-		Flap endonuclease Xni
GIAFILGI_00288	CDS	3795				hypothetical protein
GIAFILGI_00289	CDS	1149				hypothetical protein
GIAFILGI_00290	CDS	654				hypothetical protein
GIAFILGI_00291	CDS	2700				hypothetical protein
GIAFILGI_00292	CDS	783				hypothetical protein
GIAFILGI_00293	CDS	657				hypothetical protein
GIAFILGI_00294	CDS	273				hypothetical protein
GIAFILGI_00295	CDS	258				hypothetical protein
GIAFILGI_00296	CDS	351				hypothetical protein
GIAFILGI_00297	CDS	279				hypothetical protein
GIAFILGI_00298	CDS	123				hypothetical protein
GIAFILGI_00299	CDS	306				hypothetical protein
GIAFILGI_00300	CDS	384				hypothetical protein
GIAFILGI_00301	CDS	411				hypothetical protein
GIAFILGI_00302	CDS	645				hypothetical protein
GIAFILGI_00303	CDS	273				hypothetical protein
GIAFILGI_00304	CDS	1380	gyrA1	5.6.2.2		DNA gyrase subunit A
GIAFILGI_00305	CDS	135				hypothetical protein
GIAFILGI_00306	CDS	183				hypothetical protein
GIAFILGI_00307	CDS	447				hypothetical protein
GIAFILGI_00308	CDS	207				hypothetical protein
GIAFILGI_00309	CDS	120				hypothetical protein
