locus_tag	ftype	length_bp	gene	EC_number	COG	product
MECONIAG_00001	CDS	255				hypothetical protein
MECONIAG_00002	CDS	633				hypothetical protein
MECONIAG_00003	CDS	474				hypothetical protein
MECONIAG_00004	CDS	1437				hypothetical protein
MECONIAG_00005	CDS	1731				hypothetical protein
MECONIAG_00006	CDS	405				hypothetical protein
MECONIAG_00007	CDS	237				hypothetical protein
MECONIAG_00008	CDS	1086				hypothetical protein
MECONIAG_00009	CDS	336				hypothetical protein
MECONIAG_00010	CDS	603				hypothetical protein
MECONIAG_00011	CDS	513				hypothetical protein
MECONIAG_00012	CDS	753				hypothetical protein
MECONIAG_00013	CDS	1125				hypothetical protein
MECONIAG_00014	CDS	1740				hypothetical protein
MECONIAG_00015	CDS	219				hypothetical protein
MECONIAG_00016	CDS	492	rrrD	3.2.1.17	COG3772	Lysozyme RrrD
MECONIAG_00017	CDS	804				hypothetical protein
MECONIAG_00018	CDS	2958				hypothetical protein
MECONIAG_00019	CDS	969				hypothetical protein
MECONIAG_00020	CDS	1032				hypothetical protein
MECONIAG_00021	CDS	783				hypothetical protein
MECONIAG_00022	CDS	1053				hypothetical protein
MECONIAG_00023	CDS	969				hypothetical protein
MECONIAG_00024	CDS	1650				hypothetical protein
MECONIAG_00025	CDS	348				hypothetical protein
MECONIAG_00026	CDS	2793				hypothetical protein
MECONIAG_00027	CDS	852				hypothetical protein
MECONIAG_00028	CDS	162				hypothetical protein
MECONIAG_00029	CDS	258				hypothetical protein
MECONIAG_00030	CDS	297				hypothetical protein
MECONIAG_00031	CDS	192				hypothetical protein
MECONIAG_00032	CDS	144				hypothetical protein
MECONIAG_00033	CDS	603				hypothetical protein
MECONIAG_00034	CDS	894				hypothetical protein
MECONIAG_00035	CDS	351				hypothetical protein
MECONIAG_00036	CDS	645				hypothetical protein
MECONIAG_00037	CDS	174				hypothetical protein
MECONIAG_00038	CDS	351				hypothetical protein
MECONIAG_00039	CDS	747				hypothetical protein
MECONIAG_00040	CDS	144				hypothetical protein
MECONIAG_00041	CDS	108				hypothetical protein
MECONIAG_00042	CDS	165				hypothetical protein
MECONIAG_00043	CDS	504				hypothetical protein
MECONIAG_00044	CDS	216				hypothetical protein
MECONIAG_00045	CDS	222				hypothetical protein
MECONIAG_00046	CDS	168				hypothetical protein
MECONIAG_00047	CDS	393				hypothetical protein
MECONIAG_00048	CDS	177				hypothetical protein
MECONIAG_00049	CDS	168				hypothetical protein
MECONIAG_00050	CDS	120				hypothetical protein
MECONIAG_00051	CDS	192				hypothetical protein
MECONIAG_00052	CDS	1845				hypothetical protein
MECONIAG_00053	CDS	423				hypothetical protein
MECONIAG_00054	CDS	159				hypothetical protein
MECONIAG_00055	CDS	285				hypothetical protein
MECONIAG_00056	CDS	255				hypothetical protein
MECONIAG_00057	CDS	294				hypothetical protein
MECONIAG_00058	CDS	984				hypothetical protein
MECONIAG_00059	CDS	330				hypothetical protein
MECONIAG_00060	CDS	195				hypothetical protein
MECONIAG_00061	CDS	234				hypothetical protein
MECONIAG_00062	CDS	345	thyX_1	2.1.1.148		Flavin-dependent thymidylate synthase
MECONIAG_00063	CDS	306	thyX_2	2.1.1.148	COG1351	Flavin-dependent thymidylate synthase
MECONIAG_00064	CDS	471				hypothetical protein
MECONIAG_00065	CDS	279				hypothetical protein
MECONIAG_00066	CDS	180				hypothetical protein
MECONIAG_00067	CDS	564				hypothetical protein
MECONIAG_00068	CDS	150				hypothetical protein
MECONIAG_00069	CDS	210				hypothetical protein
MECONIAG_00070	CDS	198				hypothetical protein
MECONIAG_00071	CDS	207				hypothetical protein
MECONIAG_00072	CDS	534	dcd	3.5.4.30	COG0717	dCTP deaminase, dUMP-forming
MECONIAG_00073	CDS	93				hypothetical protein
MECONIAG_00074	CDS	360				hypothetical protein
MECONIAG_00075	CDS	858				hypothetical protein
MECONIAG_00076	CDS	558				hypothetical protein
MECONIAG_00077	CDS	1341				hypothetical protein
MECONIAG_00078	CDS	219				hypothetical protein
MECONIAG_00079	CDS	186				hypothetical protein
MECONIAG_00080	CDS	213				hypothetical protein
MECONIAG_00081	CDS	300				hypothetical protein
MECONIAG_00082	CDS	267				hypothetical protein
MECONIAG_00083	CDS	186				hypothetical protein
MECONIAG_00084	CDS	243				hypothetical protein
MECONIAG_00085	CDS	792				hypothetical protein
MECONIAG_00086	CDS	186				hypothetical protein
MECONIAG_00087	CDS	243				hypothetical protein
MECONIAG_00088	CDS	711				hypothetical protein
MECONIAG_00089	CDS	186				hypothetical protein
MECONIAG_00090	CDS	243				hypothetical protein
MECONIAG_00091	CDS	1221				hypothetical protein
MECONIAG_00092	CDS	489				hypothetical protein
MECONIAG_00093	CDS	972				hypothetical protein
MECONIAG_00094	CDS	1200				hypothetical protein
MECONIAG_00095	CDS	363				hypothetical protein
MECONIAG_00096	CDS	153				hypothetical protein
MECONIAG_00097	CDS	276				hypothetical protein
MECONIAG_00098	CDS	234				hypothetical protein
MECONIAG_00099	CDS	303				hypothetical protein
MECONIAG_00100	CDS	249				hypothetical protein
MECONIAG_00101	CDS	231				hypothetical protein
MECONIAG_00102	CDS	312				hypothetical protein
MECONIAG_00103	CDS	132				hypothetical protein
MECONIAG_00104	CDS	108				hypothetical protein
MECONIAG_00105	CDS	219				hypothetical protein
MECONIAG_00106	CDS	258				hypothetical protein
MECONIAG_00107	CDS	237				hypothetical protein
MECONIAG_00108	CDS	258				hypothetical protein
MECONIAG_00109	CDS	297				hypothetical protein
MECONIAG_00110	CDS	390				hypothetical protein
MECONIAG_00111	CDS	174				hypothetical protein
MECONIAG_00112	CDS	444				hypothetical protein
MECONIAG_00113	CDS	303				hypothetical protein
MECONIAG_00114	CDS	219				hypothetical protein
MECONIAG_00115	CDS	558				hypothetical protein
MECONIAG_00116	CDS	591				hypothetical protein
MECONIAG_00117	CDS	366				hypothetical protein
MECONIAG_00118	CDS	261				hypothetical protein
