locus_tag	ftype	length_bp	gene	EC_number	COG	product
EGIGLAPL_00001	CDS	195				hypothetical protein
EGIGLAPL_00002	CDS	264				hypothetical protein
EGIGLAPL_00003	CDS	450				hypothetical protein
EGIGLAPL_00004	CDS	1764				hypothetical protein
EGIGLAPL_00005	CDS	159				hypothetical protein
EGIGLAPL_00006	CDS	195				hypothetical protein
EGIGLAPL_00007	CDS	327				hypothetical protein
EGIGLAPL_00008	CDS	2682				hypothetical protein
EGIGLAPL_00009	CDS	201				hypothetical protein
EGIGLAPL_00010	CDS	180				hypothetical protein
EGIGLAPL_00011	CDS	264				hypothetical protein
EGIGLAPL_00012	CDS	1065	lig	6.5.1.1		DNA ligase
EGIGLAPL_00013	CDS	261				hypothetical protein
EGIGLAPL_00014	CDS	450				hypothetical protein
EGIGLAPL_00015	CDS	171				hypothetical protein
EGIGLAPL_00016	CDS	693				hypothetical protein
EGIGLAPL_00017	CDS	453				hypothetical protein
EGIGLAPL_00018	CDS	225				hypothetical protein
EGIGLAPL_00019	CDS	459				hypothetical protein
EGIGLAPL_00020	CDS	216				hypothetical protein
EGIGLAPL_00021	CDS	1701				hypothetical protein
EGIGLAPL_00022	CDS	165				hypothetical protein
EGIGLAPL_00023	CDS	2172				hypothetical protein
EGIGLAPL_00024	CDS	303				hypothetical protein
EGIGLAPL_00025	CDS	210				hypothetical protein
EGIGLAPL_00026	CDS	333				hypothetical protein
EGIGLAPL_00027	CDS	867				hypothetical protein
EGIGLAPL_00028	CDS	273				hypothetical protein
EGIGLAPL_00029	CDS	225				hypothetical protein
EGIGLAPL_00030	CDS	369				hypothetical protein
EGIGLAPL_00031	CDS	249				hypothetical protein
EGIGLAPL_00032	CDS	1569				hypothetical protein
EGIGLAPL_00033	CDS	885				hypothetical protein
EGIGLAPL_00034	CDS	1050				hypothetical protein
EGIGLAPL_00035	CDS	207				hypothetical protein
EGIGLAPL_00036	CDS	567				hypothetical protein
EGIGLAPL_00037	CDS	228				hypothetical protein
EGIGLAPL_00038	CDS	2358				hypothetical protein
EGIGLAPL_00039	CDS	459				hypothetical protein
EGIGLAPL_00040	CDS	588				hypothetical protein
EGIGLAPL_00041	CDS	2283				hypothetical protein
EGIGLAPL_00042	CDS	3888				hypothetical protein
EGIGLAPL_00043	CDS	2016				hypothetical protein
