locus_tag	ftype	length_bp	gene	EC_number	COG	product
NBFNLMBE_00001	CDS	786				hypothetical protein
NBFNLMBE_00002	CDS	195				hypothetical protein
NBFNLMBE_00003	CDS	1281				hypothetical protein
NBFNLMBE_00004	CDS	201				hypothetical protein
NBFNLMBE_00005	CDS	156				hypothetical protein
NBFNLMBE_00006	CDS	189				hypothetical protein
NBFNLMBE_00007	CDS	2370				hypothetical protein
NBFNLMBE_00008	CDS	222				hypothetical protein
NBFNLMBE_00009	CDS	393				hypothetical protein
NBFNLMBE_00010	CDS	996				hypothetical protein
NBFNLMBE_00011	CDS	195				hypothetical protein
NBFNLMBE_00012	CDS	843				hypothetical protein
NBFNLMBE_00013	CDS	255				hypothetical protein
NBFNLMBE_00014	CDS	279				hypothetical protein
NBFNLMBE_00015	CDS	375				hypothetical protein
NBFNLMBE_00016	CDS	162				hypothetical protein
NBFNLMBE_00017	CDS	198				hypothetical protein
NBFNLMBE_00018	CDS	159				hypothetical protein
NBFNLMBE_00019	CDS	369				hypothetical protein
NBFNLMBE_00020	CDS	969				hypothetical protein
NBFNLMBE_00021	CDS	204				hypothetical protein
NBFNLMBE_00022	CDS	423				hypothetical protein
NBFNLMBE_00023	CDS	495				hypothetical protein
NBFNLMBE_00024	CDS	315				hypothetical protein
NBFNLMBE_00025	CDS	93				hypothetical protein
NBFNLMBE_00026	CDS	2469				hypothetical protein
NBFNLMBE_00027	CDS	441				hypothetical protein
NBFNLMBE_00028	CDS	264				hypothetical protein
NBFNLMBE_00029	CDS	1596				hypothetical protein
NBFNLMBE_00030	CDS	843				hypothetical protein
NBFNLMBE_00031	CDS	1020				hypothetical protein
NBFNLMBE_00032	CDS	261				hypothetical protein
NBFNLMBE_00033	CDS	183				hypothetical protein
NBFNLMBE_00034	CDS	561				hypothetical protein
NBFNLMBE_00035	CDS	489				hypothetical protein
NBFNLMBE_00036	CDS	2328				hypothetical protein
NBFNLMBE_00037	CDS	588				hypothetical protein
NBFNLMBE_00038	CDS	2685				hypothetical protein
NBFNLMBE_00039	CDS	4266				hypothetical protein
NBFNLMBE_00040	CDS	945				hypothetical protein
NBFNLMBE_00041	CDS	303				hypothetical protein
NBFNLMBE_00042	CDS	1857				hypothetical protein
NBFNLMBE_00043	CDS	375				hypothetical protein
NBFNLMBE_00044	CDS	183				hypothetical protein
NBFNLMBE_00045	CDS	405				hypothetical protein
NBFNLMBE_00046	CDS	252				hypothetical protein
NBFNLMBE_00047	CDS	612				hypothetical protein
NBFNLMBE_00048	CDS	1797				hypothetical protein
NBFNLMBE_00049	CDS	138				hypothetical protein
NBFNLMBE_00050	CDS	216				hypothetical protein
NBFNLMBE_00051	CDS	576				hypothetical protein
NBFNLMBE_00052	CDS	243				hypothetical protein
NBFNLMBE_00053	CDS	234				hypothetical protein
NBFNLMBE_00054	CDS	264				hypothetical protein
NBFNLMBE_00055	CDS	180				hypothetical protein
NBFNLMBE_00056	CDS	207				hypothetical protein
NBFNLMBE_00057	CDS	345				hypothetical protein
NBFNLMBE_00058	CDS	1734				hypothetical protein
NBFNLMBE_00059	CDS	1047				hypothetical protein
NBFNLMBE_00060	CDS	468				hypothetical protein
